6385714000,-诗呓
1874469512,张晓龙
2472372654,小嶋陽菜護衛隊
1252550514,蓝水凝冰
1481810825,熊阿姨
1844473625,李安琪O
1668695260,麦迪逊邦
1809916087,白薇薇薇wv
1808780990,济南水务集团
3122647581,律师张海
5480046594,Genesis_Chaos
2711475123,亚洲新闻周刊杂志
1676192684,我在闹你在笑212
5677537287,公号猫眼看天下
1231688837,张博jaco
2589647687,嫣然一笑168
1666430060,周健工
1887802145,百度新闻
1828058864,天空的确有彩虹
2161901265,西瓜_JUN
2154144855,潘强_全国十佳职工维权律师
2235249475,逗比派來的猴子昂
1324482673,AMO阿莫来了
1985543850,全球女性风尚
2529861481,中国设计品牌中心
5562814350,青蜜编辑部
1772942674,形象礼仪杨柳
3203713470,朔月酒香
1818584217,张青松律师
1676722891,三个玻璃or晋江三千琉璃
1865339054,是非心明
1943036632,蜜露琼浆
2654456590,i3933
1649393701,藤井树小姐
1745777800,_当里个当_
2906828655,圆子和龟
2295682743,Panic_0089
6404076282,足球天地视频组
2231804193,乐风苑
5981944088,动漫速报
2938964350,超级密室X-ROOM全国站
1886309433,朝鲜日报中文网
1401691097,林楠
5392641600,FashionFactor
3057033267,丶一二丶
1245557174,哲小宇
1648940195,张弓惊
1767234800,手腕很细的人
2348495742,糖糖vv间歇性花痴
1000432103,Jegem
2181560837,鴿鴿鴿鴿鴿鴿仔
1722656062,Karen莫文蔚
7036834917,坐拥十万水军的何懵懂
1400763804,八卦鱼
1644783434,DioXDio
3254616321,券格格
5716191153,丶祀很宔
5301217222,-樱满月-
1718466551,熊猫不觉晓
1864985834,陈序HZ
1834351052,录音师老孟
5534421089,爱优惠的小姐姐
1233635290,周华诚
1876432273,澳酋猪扒Rinpoche
1788007424,木邨拓撚
2262951585,司徒彦君_
3199730474,橙汁分汝一半
2433406153,解读吴敬琏
2174026313,小么子0201
1302069307,沈陶然STR
1240375710,马锐
1687540232,狂送秋波
1540153697,_麟九_
1761508161,走读大中华
1721223205,历史风云网
2759875032,武汉法院
1727600061,青岗岗
1335050863,赵忠祥
3607937755,闫帮_战斗民族8
2023601715,都市务工者
1245700290,shuaideyou
2010533461,王宁86
1286849331,编剧范昕
3884500817,笑尘书
2852979450,诗意如歌的诱惑
1790410167,畏尔玛
2214257545,YouTube精选
1235354844,丶Sasha
5335247061,WilliamChan陈伟霆资讯台
5698689864,薄荷小圆叻
3899986792,大连超越足球俱乐部
3926272585,等等的幼腿
5947439555,我的王源狂拽酷炫刚炸天
1915050991,谷谷鼠
1738924227,西西弗养娃
2024872695,平安商丘
6053954323,HornyDragonTW
1190897152,诗人丁燕
1572679845,甲雍-佛教音乐
5371036793,治愈事务所
2013302803,泰娱乐论坛
2409916817,内蒙李继文
1761917664,爱爬墙的葫芦子-画影
1744286701,江力北大著名文化青年
1748234541,雪影無華
5610190507,纏住糖漿
1718603400,Chiddylove
1971954952,新港之音
2404075535,宇婷不是雨停
